-- phpMyAdmin SQL Dump
-- version 5.0.2
-- https://www.phpmyadmin.net/
--
-- Host: 127.0.0.1
-- Tempo de geração: 21-Jun-2020 às 16:32
-- Versão do servidor: 10.4.11-MariaDB
-- versão do PHP: 7.4.5

SET SQL_MODE = "NO_AUTO_VALUE_ON_ZERO";
START TRANSACTION;
SET time_zone = "+00:00";


/*!40101 SET @OLD_CHARACTER_SET_CLIENT=@@CHARACTER_SET_CLIENT */;
/*!40101 SET @OLD_CHARACTER_SET_RESULTS=@@CHARACTER_SET_RESULTS */;
/*!40101 SET @OLD_COLLATION_CONNECTION=@@COLLATION_CONNECTION */;
/*!40101 SET NAMES utf8mb4 */;

--
-- Banco de dados: `db_stockpower`
--

-- --------------------------------------------------------

--
-- Estrutura da tabela `categorias`
--

CREATE TABLE `categorias` (
  `idcategoria` int(11) NOT NULL,
  `categoria` varchar(100) NOT NULL,
  `situacao` varchar(50) NOT NULL
) ENGINE=InnoDB DEFAULT CHARSET=utf8;

--
-- Extraindo dados da tabela `categorias`
--

INSERT INTO `categorias` (`idcategoria`, `categoria`, `situacao`) VALUES
(1, 'Doce japones', '1'),
(2, 'Salgados', '1');

-- --------------------------------------------------------

--
-- Estrutura da tabela `clientes`
--

CREATE TABLE `clientes` (
  `idcliente` int(11) NOT NULL,
  `nome` varchar(50) NOT NULL,
  `sobrenome` varchar(100) NOT NULL,
  `email` varchar(100) NOT NULL,
  `telefone` varchar(100) NOT NULL,
  `cpf` varchar(40) NOT NULL,
  `cep` int(15) NOT NULL,
  `logradouro` varchar(200) NOT NULL,
  `numero` varchar(20) NOT NULL,
  `complemento` varchar(100) NOT NULL,
  `bairro` varchar(100) NOT NULL,
  `cidade` varchar(100) NOT NULL,
  `estado` varchar(50) NOT NULL,
  `situacao` varchar(10) NOT NULL,
  `dt_criacao` datetime NOT NULL
) ENGINE=InnoDB DEFAULT CHARSET=utf8;

--
-- Extraindo dados da tabela `clientes`
--

INSERT INTO `clientes` (`idcliente`, `nome`, `sobrenome`, `email`, `telefone`, `cpf`, `cep`, `logradouro`, `numero`, `complemento`, `bairro`, `cidade`, `estado`, `situacao`, `dt_criacao`) VALUES
(1, 'Marcelo', 'Teste', 'marcelo@gmail.com', '(44) 8888-7777', '209.382.380-27', 87200171, 'avenida raposo tavares', '44', 'centro', 'zona 02', 'Cianorte', 'PR', '1', '2020-05-14 09:30:51'),
(2, 'Fulano', 'de tal', 'fulano@gmail.com', '(44) 9999-6666', '379.158.450-20', 87200171, 'avenida america do sul', '444', 'centro', 'zona 01', 'Cianorte', 'PR', '1', '2020-05-14 09:31:54');

-- --------------------------------------------------------

--
-- Estrutura da tabela `compraitem`
--

CREATE TABLE `compraitem` (
  `id` int(11) NOT NULL,
  `produto_id` int(11) DEFAULT NULL,
  `compra_id` int(11) DEFAULT NULL,
  `compra_preco` varchar(45) DEFAULT NULL,
  `quant` varchar(45) DEFAULT NULL
) ENGINE=InnoDB DEFAULT CHARSET=utf8;

--
-- Extraindo dados da tabela `compraitem`
--

INSERT INTO `compraitem` (`id`, `produto_id`, `compra_id`, `compra_preco`, `quant`) VALUES
(1, 1, 1, '14.00', '1');

-- --------------------------------------------------------

--
-- Estrutura da tabela `compras`
--

CREATE TABLE `compras` (
  `id` int(11) NOT NULL,
  `data` date DEFAULT NULL,
  `total_preco` varchar(45) DEFAULT NULL,
  `situacao` varchar(10) NOT NULL,
  `fornecedor_id` int(11) DEFAULT NULL,
  `usuario_id` int(11) DEFAULT NULL
) ENGINE=InnoDB DEFAULT CHARSET=utf8;

--
-- Extraindo dados da tabela `compras`
--

INSERT INTO `compras` (`id`, `data`, `total_preco`, `situacao`, `fornecedor_id`, `usuario_id`) VALUES
(1, '2020-05-30', '14', '0', 1, 2);

-- --------------------------------------------------------

--
-- Estrutura da tabela `fornecedores`
--

CREATE TABLE `fornecedores` (
  `idfornecedor` int(11) NOT NULL,
  `nome` varchar(50) NOT NULL,
  `razao` varchar(100) NOT NULL,
  `email` varchar(100) NOT NULL,
  `telefone` varchar(100) NOT NULL,
  `cnpj` varchar(40) NOT NULL,
  `cep` int(15) NOT NULL,
  `logradouro` varchar(200) NOT NULL,
  `numero` varchar(20) NOT NULL,
  `complemento` varchar(100) NOT NULL,
  `bairro` varchar(100) NOT NULL,
  `cidade` varchar(100) NOT NULL,
  `estado` varchar(50) NOT NULL,
  `situacao` varchar(10) NOT NULL,
  `dt_criacao` datetime NOT NULL
) ENGINE=InnoDB DEFAULT CHARSET=utf8;

--
-- Extraindo dados da tabela `fornecedores`
--

INSERT INTO `fornecedores` (`idfornecedor`, `nome`, `razao`, `email`, `telefone`, `cnpj`, `cep`, `logradouro`, `numero`, `complemento`, `bairro`, `cidade`, `estado`, `situacao`, `dt_criacao`) VALUES
(1, 'Supermecado estrela', 'Supermercado estrela', 'estrela@gmail.com', '(44) 9999-6666', '38.811.068/0001-23', 87200171, 'avenida brasil', '6666', 'centro', 'zona 22', 'Cianorte', 'PR', '1', '2020-05-14 09:33:14'),
(2, 'Mercado Planalto', 'Mercado Planalto', 'planalto@gmail.com', '(44) 9999-5487', '26.151.231/0001-90', 87200171, 'Rua Dois', '2', 'centro', 'centro', 'Cianorte', 'PR', '1', '2020-06-14 07:16:46');

-- --------------------------------------------------------

--
-- Estrutura da tabela `produtos`
--

CREATE TABLE `produtos` (
  `idproduto` int(11) NOT NULL,
  `nome` varchar(100) NOT NULL,
  `preco` decimal(10,2) NOT NULL,
  `qtde` int(11) NOT NULL,
  `qtde_min` int(11) NOT NULL,
  `categoria` varchar(100) NOT NULL,
  `fornecedor` varchar(60) NOT NULL,
  `imagem` varchar(255) NOT NULL,
  `situacao` varchar(10) NOT NULL,
  `dt_criacao` datetime NOT NULL
) ENGINE=InnoDB DEFAULT CHARSET=utf8;

--
-- Extraindo dados da tabela `produtos`
--

INSERT INTO `produtos` (`idproduto`, `nome`, `preco`, `qtde`, `qtde_min`, `categoria`, `fornecedor`, `imagem`, `situacao`, `dt_criacao`) VALUES
(1, 'Sushi Tradicional com 12 unidades', '14.00', -245, 1, 'Salgados', 'Supermecado estrela', 'bbf5db7c7764b72c571564cac6eb12c3.png', '1', '2020-05-14 09:35:27'),
(2, 'Inari sushi 12 unidades', '15.00', -104, 4, 'Salgados', 'Supermecado estrela', '8025d9976e75a9fa68c69ed194866210.png', '1', '2020-05-14 09:37:14');

-- --------------------------------------------------------

--
-- Estrutura da tabela `users`
--

CREATE TABLE `users` (
  `id` int(11) NOT NULL,
  `name` varchar(50) NOT NULL,
  `email` varchar(100) NOT NULL,
  `password` varchar(255) NOT NULL,
  `situacao` varchar(10) NOT NULL,
  `nivel` varchar(11) NOT NULL
) ENGINE=InnoDB DEFAULT CHARSET=utf8;

--
-- Extraindo dados da tabela `users`
--

INSERT INTO `users` (`id`, `name`, `email`, `password`, `situacao`, `nivel`) VALUES
(1, 'Admin', 'admin@admin.com', '001001', '1', '1'),
(2, 'Normal', 'normal@normal.com', '001001', '1', '0');

-- --------------------------------------------------------

--
-- Estrutura da tabela `vendaitem`
--

CREATE TABLE `vendaitem` (
  `id` int(11) NOT NULL,
  `produto_id` int(11) DEFAULT NULL,
  `venda_id` int(11) DEFAULT NULL,
  `venda_preco` varchar(45) DEFAULT NULL,
  `quant` varchar(45) DEFAULT NULL
) ENGINE=InnoDB DEFAULT CHARSET=utf8;

--
-- Extraindo dados da tabela `vendaitem`
--

INSERT INTO `vendaitem` (`id`, `produto_id`, `venda_id`, `venda_preco`, `quant`) VALUES
(1, 1, 1, '14.00', '1'),
(2, 2, 1, '15.00', '1'),
(3, 1, 2, '14.00', '1'),
(4, 1, 3, '14.00', '1'),
(5, 1, 4, '14.00', '12'),
(6, 2, 4, '15.00', '13'),
(11, 1, 5, '14.00', '1'),
(12, 1, 6, '14.00', '1'),
(15, 1, 7, '14.00', '1'),
(16, 1, 8, '14.00', '1');

-- --------------------------------------------------------

--
-- Estrutura da tabela `vendas`
--

CREATE TABLE `vendas` (
  `id` int(11) NOT NULL,
  `data` date DEFAULT NULL,
  `total_preco` decimal(10,2) DEFAULT NULL,
  `desconto` int(100) NOT NULL,
  `vldesconto` decimal(10,2) NOT NULL,
  `totalfinal` decimal(10,2) NOT NULL,
  `situacao` varchar(10) NOT NULL,
  `status_venda` varchar(10) NOT NULL,
  `cliente_id` int(11) DEFAULT NULL,
  `usuario_id` int(11) DEFAULT NULL
) ENGINE=InnoDB DEFAULT CHARSET=utf8;

--
-- Extraindo dados da tabela `vendas`
--

INSERT INTO `vendas` (`id`, `data`, `total_preco`, `desconto`, `vldesconto`, `totalfinal`, `situacao`, `status_venda`, `cliente_id`, `usuario_id`) VALUES
(1, '2020-06-13', '29.00', 10, '2.90', '26.10', '2', '0', 1, 2),
(2, '2020-06-13', '14.00', 3, '0.42', '13.58', '1', '0', 2, 2),
(3, '2020-06-13', '14.00', 44, '6.16', '7.84', '2', '0', 2, 2),
(4, '2020-06-13', '363.00', 22, '79.86', '283.14', '1', '0', 2, 2),
(5, '2020-06-14', '14.00', 22, '3.08', '10.92', '1', '0', 1, 2),
(6, '2020-06-14', '14.00', 22, '3.08', '10.92', '2', '0', 1, 2),
(7, '2020-06-14', '14.00', 11, '1.54', '12.46', '0', '1', 1, 2),
(8, '2020-06-17', '14.00', 55, '7.70', '6.30', '0', '1', 2, 2);

--
-- Índices para tabelas despejadas
--

--
-- Índices para tabela `categorias`
--
ALTER TABLE `categorias`
  ADD PRIMARY KEY (`idcategoria`);

--
-- Índices para tabela `clientes`
--
ALTER TABLE `clientes`
  ADD PRIMARY KEY (`idcliente`);

--
-- Índices para tabela `compraitem`
--
ALTER TABLE `compraitem`
  ADD PRIMARY KEY (`id`),
  ADD KEY `fk_compraitem_idx` (`compra_id`) USING BTREE,
  ADD KEY `fk_produto_compraitem_idx` (`produto_id`) USING BTREE;

--
-- Índices para tabela `compras`
--
ALTER TABLE `compras`
  ADD PRIMARY KEY (`id`),
  ADD KEY `fk_usuario_compra_idx` (`usuario_id`) USING BTREE,
  ADD KEY `fk_fornecedor_compra_idx` (`fornecedor_id`) USING BTREE;

--
-- Índices para tabela `fornecedores`
--
ALTER TABLE `fornecedores`
  ADD PRIMARY KEY (`idfornecedor`);

--
-- Índices para tabela `produtos`
--
ALTER TABLE `produtos`
  ADD PRIMARY KEY (`idproduto`);

--
-- Índices para tabela `users`
--
ALTER TABLE `users`
  ADD PRIMARY KEY (`id`);

--
-- Índices para tabela `vendaitem`
--
ALTER TABLE `vendaitem`
  ADD PRIMARY KEY (`id`),
  ADD KEY `fk_vendaaitem_idx` (`venda_id`) USING BTREE,
  ADD KEY `fk_produto_vendaitem_idx` (`produto_id`) USING BTREE;

--
-- Índices para tabela `vendas`
--
ALTER TABLE `vendas`
  ADD PRIMARY KEY (`id`),
  ADD KEY `fk_usuario_venda_idx` (`usuario_id`) USING BTREE,
  ADD KEY `fk_cliente_venda_idx` (`cliente_id`) USING BTREE;

--
-- AUTO_INCREMENT de tabelas despejadas
--

--
-- AUTO_INCREMENT de tabela `categorias`
--
ALTER TABLE `categorias`
  MODIFY `idcategoria` int(11) NOT NULL AUTO_INCREMENT, AUTO_INCREMENT=3;

--
-- AUTO_INCREMENT de tabela `clientes`
--
ALTER TABLE `clientes`
  MODIFY `idcliente` int(11) NOT NULL AUTO_INCREMENT, AUTO_INCREMENT=3;

--
-- AUTO_INCREMENT de tabela `compraitem`
--
ALTER TABLE `compraitem`
  MODIFY `id` int(11) NOT NULL AUTO_INCREMENT, AUTO_INCREMENT=2;

--
-- AUTO_INCREMENT de tabela `compras`
--
ALTER TABLE `compras`
  MODIFY `id` int(11) NOT NULL AUTO_INCREMENT, AUTO_INCREMENT=2;

--
-- AUTO_INCREMENT de tabela `fornecedores`
--
ALTER TABLE `fornecedores`
  MODIFY `idfornecedor` int(11) NOT NULL AUTO_INCREMENT, AUTO_INCREMENT=3;

--
-- AUTO_INCREMENT de tabela `produtos`
--
ALTER TABLE `produtos`
  MODIFY `idproduto` int(11) NOT NULL AUTO_INCREMENT, AUTO_INCREMENT=3;

--
-- AUTO_INCREMENT de tabela `users`
--
ALTER TABLE `users`
  MODIFY `id` int(11) NOT NULL AUTO_INCREMENT, AUTO_INCREMENT=3;

--
-- AUTO_INCREMENT de tabela `vendaitem`
--
ALTER TABLE `vendaitem`
  MODIFY `id` int(11) NOT NULL AUTO_INCREMENT, AUTO_INCREMENT=17;

--
-- AUTO_INCREMENT de tabela `vendas`
--
ALTER TABLE `vendas`
  MODIFY `id` int(11) NOT NULL AUTO_INCREMENT, AUTO_INCREMENT=9;

--
-- Restrições para despejos de tabelas
--

--
-- Limitadores para a tabela `compraitem`
--
ALTER TABLE `compraitem`
  ADD CONSTRAINT `fk_producto_detalle` FOREIGN KEY (`produto_id`) REFERENCES `produtos` (`idproduto`) ON DELETE NO ACTION ON UPDATE NO ACTION,
  ADD CONSTRAINT `fk_venta_detalle` FOREIGN KEY (`compra_id`) REFERENCES `compras` (`id`) ON DELETE NO ACTION ON UPDATE NO ACTION;

--
-- Limitadores para a tabela `compras`
--
ALTER TABLE `compras`
  ADD CONSTRAINT `fk_cliente_venta` FOREIGN KEY (`fornecedor_id`) REFERENCES `fornecedores` (`idfornecedor`) ON DELETE NO ACTION ON UPDATE NO ACTION,
  ADD CONSTRAINT `fk_usuario_venta` FOREIGN KEY (`usuario_id`) REFERENCES `users` (`id`) ON DELETE NO ACTION ON UPDATE NO ACTION;

--
-- Limitadores para a tabela `vendaitem`
--
ALTER TABLE `vendaitem`
  ADD CONSTRAINT `fk_produto_vendaitem` FOREIGN KEY (`produto_id`) REFERENCES `produtos` (`idproduto`) ON DELETE NO ACTION ON UPDATE NO ACTION,
  ADD CONSTRAINT `fk_venda_item` FOREIGN KEY (`venda_id`) REFERENCES `vendas` (`id`) ON DELETE NO ACTION ON UPDATE NO ACTION;

--
-- Limitadores para a tabela `vendas`
--
ALTER TABLE `vendas`
  ADD CONSTRAINT `fk_cliente_venda` FOREIGN KEY (`cliente_id`) REFERENCES `clientes` (`idcliente`) ON DELETE NO ACTION ON UPDATE NO ACTION,
  ADD CONSTRAINT `fk_usuario_venda` FOREIGN KEY (`usuario_id`) REFERENCES `users` (`id`) ON DELETE NO ACTION ON UPDATE NO ACTION;
COMMIT;

/*!40101 SET CHARACTER_SET_CLIENT=@OLD_CHARACTER_SET_CLIENT */;
/*!40101 SET CHARACTER_SET_RESULTS=@OLD_CHARACTER_SET_RESULTS */;
/*!40101 SET COLLATION_CONNECTION=@OLD_COLLATION_CONNECTION */;
